path	size_bytes
.gitattributes	315
.github/CODEOWNERS	246
.github/ISSUE_TEMPLATE/bug.yml	601
.github/ISSUE_TEMPLATE/experiment.yml	1075
.github/ISSUE_TEMPLATE/task.yml	673
.github/PULL_REQUEST_TEMPLATE.md	4166
.github/scripts/repo_quality.py	1301
.github/workflows/repo-quality.yml	398
.gitignore	590
AGENTS.md	3795
CHANGELOG.md	338
CONTRIBUTING.md	1153
LICENSE	283
README.md	14161
SETUP_GIT.md	1122
assets/README.md	439
assets/diagrams/research_mindmap_roadmap_v01.png	172030
assets/diagrams/system_architecture_v01.png	168433
assets/experiment_photos/.gitkeep	0
assets/posters/.gitkeep	0
assets/system_images/testbed_overview_v01.png	2647491
assets/thumbnails/.gitkeep	0
data/README.md	335
data/manifests/.gitkeep	0
data/processed_sample/.gitkeep	0
data/sample/.gitkeep	0
docs/architecture/README.md	121
docs/architecture/system_architecture_v01/.gitkeep	0
docs/architecture/system_architecture_v02/.gitkeep	0
docs/architecture/system_architecture_v03/.gitkeep	0
docs/meeting_notes/TEMPLATE.md	118
docs/plans/README.md	153
docs/plans/week01/README.md	41
docs/plans/week02/README.md	69
docs/plans/week03/README.md	319
docs/project_management/CODEX_OFFICIAL_REFERENCES.md	605
docs/project_management/CODEX_REVIEW_PROMPTS.md	1519
docs/project_management/CODEX_REVIEW_WORKFLOW.md	2391
docs/project_management/GIT_CHEATSHEET.md	384
docs/project_management/GIT_WORKFLOW.md	740
docs/project_management/NCKH_GITHUB_SHARED_TEAM_CONTEXT.md	16652
docs/project_management/NCKH_PROJECT_MASTER_CONTEXT.md	374
docs/project_management/NCKH_PROJECT_MASTER_CONTEXT_FULL.md	10616
docs/project_management/PROJECT_UPDATE_TEMPLATE.md	202
docs/project_management/PULL_REQUEST_GUIDE.md	3522
docs/project_management/REPOSITORY_STRUCTURE.md	944
docs/references/.gitkeep	0
docs/reports/WEEKLY_REPORT_TEMPLATE.md	202
experiments/AGENTS.md	400
experiments/engineering_validation/README.md	266
experiments/fault_experiments/README.md	175
experiments/metadata/metadata_schema_example.json	426
experiments/protocols/README.md	268
experiments/sensor_characterization/README.md	255
firmware/AGENTS.md	548
firmware/esp32s3/README.md	334
firmware/esp32s3/acquisition/.gitkeep	0
firmware/esp32s3/drivers/acs724/.gitkeep	0
firmware/esp32s3/drivers/adxl345/.gitkeep	0
firmware/esp32s3/drivers/dht22/.gitkeep	0
firmware/esp32s3/drivers/max31865/.gitkeep	0
firmware/esp32s3/drivers/us5881/.gitkeep	0
firmware/esp32s3/dsp/.gitkeep	0
firmware/esp32s3/logging/.gitkeep	0
firmware/esp32s3/oled/.gitkeep	0
firmware/esp32s3/tests/.gitkeep	0
hardware/bom/BOM_TEMPLATE.csv	355
hardware/electronics/AGENTS.md	406
hardware/electronics/README.md	261
hardware/electronics/interface_board/.gitkeep	0
hardware/electronics/pcb/.gitkeep	0
hardware/electronics/schematics/.gitkeep	0
hardware/electronics/wiring/.gitkeep	0
hardware/mechanical/AGENTS.md	413
hardware/mechanical/README.md	354
hardware/mechanical/dxf/.gitkeep	0
hardware/mechanical/fabrication/.gitkeep	0
hardware/mechanical/solidworks/assemblies/.gitkeep	0
hardware/mechanical/solidworks/drawings/.gitkeep	0
hardware/mechanical/solidworks/parts/.gitkeep	0
hardware/mechanical/step/.gitkeep	0
members/EE2/README.md	217
members/ET1/README.md	226
members/IT2/README.md	201
members/ME1/README.md	233
members/MS2/README.md	215
members/README.md	183
ml/AGENTS.md	405
ml/README.md	304
ml/adaptive_fusion/.gitkeep	0
ml/baselines/.gitkeep	0
ml/drift_detection/.gitkeep	0
ml/features/.gitkeep	0
ml/notebooks/.gitkeep	0
ml/preprocessing/.gitkeep	0
ml/tinyml/.gitkeep	0
presentations/README.md	116
presentations/pdf/.gitkeep	0
presentations/posters/.gitkeep	0
presentations/slides/.gitkeep	0
results/README.md	155
results/benchmarks/.gitkeep	0
results/figures/.gitkeep	0
results/model_results/.gitkeep	0
results/tables/.gitkeep	0
simulations/README.md	205
simulations/ansys/.gitkeep	0
simulations/matlab/.gitkeep	0
simulations/other/.gitkeep	0
simulations/solidworks_motion/.gitkeep	0
software/README.md	158
software/pc_dashboard/.gitkeep	0
software/serial_logger/.gitkeep	0
software/utilities/.gitkeep	0
software/visualization/.gitkeep	0